Run,Iteration,agent-0,agent-1,agent-2,agent-3,agent-4,agent-5,agent-6,agent-7,agent-8,agent-9,agent-10,agent-11,agent-12,agent-13,agent-14,agent-15,agent-16,agent-17,agent-18,agent-19,agent-20,agent-21,agent-22,agent-23,agent-24,agent-25,agent-26,agent-27,agent-28,agent-29,agent-30,agent-31,agent-32,agent-33,agent-34,agent-35,agent-36,agent-37,agent-38,agent-39,agent-40,agent-41,agent-42,agent-43,agent-44,agent-45,agent-46,agent-47,agent-48,agent-49,agent-50,agent-51,agent-52,agent-53,agent-54,agent-55,agent-56,agent-57,agent-58,agent-59,agent-60,agent-61,agent-62,agent-63,agent-64,agent-65,agent-66,agent-67,agent-68,agent-69,agent-70,agent-71,agent-72,agent-73,agent-74,agent-75,agent-76,agent-77,agent-78,agent-79,agent-80,agent-81,agent-82,agent-83,agent-84,agent-85,agent-86,agent-87,agent-88,agent-89,agent-90,agent-91,agent-92,agent-93,agent-94,agent-95,agent-96,agent-97,agent-98,agent-99
0,0,8,12,4,39,39,44,1,10,34,9,15,38,35,12,43,22,10,35,12,36,42,19,44,12,45,35,22,16,37,49,10,20,1,40,11,18,1,11,43,1,11,20,32,7,25,41,46,45,42,34,30,11,19,21,26,22,39,16,22,41,30,41,23,38,22,40,42,34,10,13,23,35,39,24,23,38,33,36,48,4,13,2,38,38,34,17,29,33,32,41,45,45,31,9,44,35,1,14,12,19
0,1,8,12,4,39,39,44,1,10,34,9,15,38,35,12,43,22,10,35,12,36,42,19,44,12,45,35,22,16,37,49,10,20,1,40,11,18,1,11,43,1,11,20,32,7,25,41,46,45,42,34,30,11,19,21,26,22,39,16,22,41,30,41,23,38,22,40,42,34,10,13,23,35,39,24,23,38,33,36,48,4,13,2,38,38,34,17,29,33,32,41,45,45,31,9,44,35,1,14,12,19
0,2,8,12,4,39,39,44,1,10,34,9,15,38,35,12,43,22,10,35,12,36,42,19,44,12,45,35,22,16,37,49,10,20,1,40,11,18,1,11,43,1,11,20,32,7,25,41,43,45,42,34,30,11,19,21,26,22,39,16,22,41,30,41,23,38,22,40,42,34,10,13,23,35,39,24,23,38,33,36,48,4,13,2,38,38,34,17,29,33,32,41,45,45,31,9,44,35,1,14,12,19
0,3,8,12,4,39,39,44,1,10,34,9,15,38,35,12,43,22,10,35,12,36,42,19,44,12,45,35,22,16,37,49,10,20,1,40,11,18,1,11,43,1,11,20,32,7,25,41,43,45,42,34,30,11,19,21,26,22,39,16,22,41,30,41,23,38,22,40,42,34,10,13,23,35,39,24,23,38,33,36,48,4,13,2,38,38,34,17,29,33,32,41,45,45,31,9,44,35,1,14,12,19
0,4,8,12,4,39,39,44,1,10,34,9,15,38,35,12,43,22,10,35,12,36,42,19,44,12,45,35,22,16,37,49,10,20,1,40,11,18,1,11,43,1,11,20,32,7,25,41,43,45,42,34,30,11,19,21,26,22,39,16,22,41,30,41,23,38,22,40,42,34,10,13,23,35,39,24,23,38,33,36,48,4,13,2,38,38,34,17,29,33,32,41,45,45,31,9,44,35,1,14,12,19
0,5,8,12,4,39,39,44,1,10,34,9,15,38,35,12,43,22,10,35,12,36,42,19,44,12,45,35,22,16,37,49,10,20,1,40,11,18,1,11,43,1,11,20,32,7,25,41,43,45,42,34,30,11,19,21,26,22,39,16,22,41,30,41,23,38,22,40,42,34,10,16,23,35,39,24,23,38,33,36,48,4,13,2,38,38,34,17,29,33,32,41,45,45,31,4,44,35,1,14,12,19
0,6,8,12,4,39,39,44,1,10,34,9,15,38,35,12,43,22,10,35,12,36,42,19,44,12,45,35,22,16,37,49,10,20,1,40,11,18,1,11,43,1,11,20,32,7,25,41,43,45,42,34,30,11,19,21,26,22,39,16,22,41,30,41,23,38,22,40,42,34,10,16,23,35,39,24,23,38,33,36,48,4,13,2,38,38,34,17,29,33,32,41,45,45,31,4,44,35,1,14,12,19
0,7,8,12,4,39,39,44,1,10,34,9,15,38,35,12,43,22,10,35,12,36,42,19,44,12,45,35,22,16,37,49,10,20,1,40,11,18,1,11,43,1,11,20,32,7,25,41,43,45,42,34,30,11,19,21,26,22,39,16,22,41,30,41,23,38,22,40,42,34,10,16,23,35,39,24,23,38,33,36,48,4,13,2,38,38,34,17,29,33,32,41,45,45,31,4,44,35,1,14,12,19
0,8,8,12,4,39,39,44,1,10,34,9,15,38,35,12,43,22,10,35,12,36,42,19,44,12,45,35,22,16,37,49,10,20,1,40,11,18,1,11,43,1,11,20,32,7,25,41,43,45,42,34,30,11,19,21,26,22,39,16,22,41,30,41,23,38,22,40,42,34,10,16,23,35,39,24,23,38,33,36,48,4,13,2,38,38,34,17,29,33,32,41,45,45,31,4,44,35,1,14,12,19
0,9,8,12,4,39,39,44,1,10,34,9,15,38,35,12,43,22,10,35,12,36,42,19,44,12,45,35,22,16,37,49,10,20,1,40,11,18,1,11,43,1,11,20,32,7,25,41,43,45,42,34,30,11,19,21,26,22,39,16,22,41,30,41,23,38,22,40,42,34,10,13,23,35,39,24,23,38,33,36,48,4,13,2,38,38,34,17,29,33,32,41,45,45,31,9,44,35,1,14,12,19
0,10,8,12,4,39,39,44,1,10,34,9,15,38,35,12,43,22,10,35,12,36,42,19,44,12,45,35,22,16,37,49,10,20,1,40,11,18,1,11,43,1,11,20,32,7,25,41,43,45,42,34,30,11,19,21,26,22,39,16,22,41,30,41,23,38,22,40,42,34,10,13,23,35,39,24,23,38,33,34,48,4,13,2,38,38,34,17,29,33,32,41,45,45,31,9,44,38,1,14,12,19
0,11,8,12,4,39,39,44,1,10,34,9,15,38,35,12,43,22,10,35,12,36,42,19,44,12,45,35,22,16,37,49,10,20,1,40,11,18,1,11,43,1,11,20,32,7,25,41,43,45,42,34,30,11,19,21,26,22,39,16,22,41,30,41,23,38,22,40,42,34,10,13,23,35,39,24,23,38,33,34,48,4,13,2,38,38,34,17,29,33,32,41,45,45,31,9,44,38,1,14,14,19
0,12,8,12,4,39,39,44,1,10,34,9,15,38,35,12,43,22,10,35,12,36,42,19,44,12,45,35,22,16,37,49,10,20,1,40,11,18,1,11,43,1,11,20,32,7,25,41,43,45,42,34,30,11,19,21,26,22,39,16,22,41,30,41,23,38,22,40,42,34,10,13,23,35,39,24,23,38,33,34,48,4,13,2,38,38,34,17,29,33,32,41,45,45,31,4,44,38,1,14,12,19
0,13,8,12,4,39,39,44,1,10,34,9,15,38,35,12,43,22,10,35,12,36,42,19,44,12,45,35,22,16,37,49,10,20,1,40,11,18,1,11,43,1,11,20,32,7,25,41,43,45,42,34,30,11,19,21,26,22,39,16,22,41,30,41,23,38,22,40,42,34,10,13,23,35,39,24,23,38,33,34,48,4,13,2,38,38,34,17,29,33,32,41,45,45,31,9,44,38,1,14,12,19
0,14,8,12,4,39,39,44,1,10,34,9,15,38,35,12,43,22,10,35,12,36,42,19,44,12,45,35,22,16,37,49,10,20,1,40,11,18,1,11,43,1,11,20,32,7,25,41,43,45,42,34,30,13,19,21,26,22,39,16,22,41,30,41,23,38,22,40,42,34,10,13,23,35,39,24,23,38,33,34,48,4,13,2,38,38,34,17,29,33,32,41,45,45,31,9,44,38,1,14,12,19
0,15,8,12,4,39,39,44,1,10,34,9,15,38,35,12,43,22,10,35,12,36,42,19,44,12,45,35,22,16,37,49,10,20,1,40,11,18,1,11,43,1,11,20,32,7,25,41,43,45,42,34,30,13,19,21,26,22,39,16,22,41,30,41,23,38,22,40,42,34,10,13,23,35,39,24,23,38,33,34,48,4,13,2,38,38,34,17,29,33,32,41,45,45,31,9,44,38,1,14,12,19
0,16,8,12,4,39,39,44,1,10,34,9,15,38,35,12,43,22,10,35,12,36,42,19,44,12,45,35,22,16,37,49,10,20,1,40,11,18,1,11,43,1,11,20,32,7,25,41,43,45,42,34,30,13,19,21,26,22,39,16,22,41,30,41,23,38,22,40,42,34,10,13,23,35,39,24,23,38,33,34,48,4,13,2,38,38,34,17,29,33,32,41,45,45,31,9,44,38,1,14,12,19
0,17,8,12,4,39,39,44,1,10,34,9,15,38,35,12,43,22,10,35,12,36,42,19,44,12,45,35,22,16,37,49,10,20,1,40,11,18,1,11,43,1,11,20,32,7,25,41,43,45,42,34,30,13,19,21,26,22,39,16,22,41,30,41,23,38,22,40,42,39,10,13,23,35,39,24,23,38,33,34,48,4,13,2,38,38,34,17,29,33,32,41,45,45,31,9,44,38,1,14,14,19
0,18,8,12,4,39,39,44,1,10,34,9,15,38,35,12,43,22,10,35,12,36,42,19,44,12,45,35,22,16,37,49,10,20,1,40,11,18,1,11,43,1,11,20,32,7,25,41,43,45,42,34,30,11,19,21,26,22,39,16,22,41,30,41,23,38,22,40,42,39,10,13,23,35,39,24,23,38,33,34,48,4,13,2,38,38,34,17,29,33,32,41,45,45,31,4,44,38,1,14,14,19
0,19,8,12,4,39,39,44,1,10,34,9,15,38,35,12,43,22,10,35,12,36,42,19,44,12,45,35,22,16,37,49,10,20,1,40,11,18,1,11,43,1,11,20,32,7,25,41,43,45,42,34,30,11,19,21,26,22,39,16,22,41,30,41,23,38,22,40,42,39,10,13,23,35,39,24,23,38,33,34,48,4,13,2,38,38,34,17,29,33,32,41,45,45,31,4,44,38,9,14,14,19
0,20,8,12,4,39,39,44,1,10,34,9,15,38,35,12,43,22,10,35,12,36,42,19,44,12,45,35,22,16,37,49,10,20,1,40,11,18,1,11,43,1,11,20,32,7,25,41,43,45,42,34,30,11,19,21,26,22,39,16,22,41,30,41,23,38,22,40,42,39,10,13,23,35,39,24,23,38,33,34,48,4,13,2,38,38,34,17,29,33,32,41,45,45,31,4,44,38,9,14,14,19
0,21,8,12,4,39,39,44,1,10,34,9,15,38,35,12,43,22,10,35,12,36,42,19,44,12,45,35,22,16,37,49,10,20,1,40,11,18,1,11,43,1,11,20,32,7,25,41,43,45,42,34,30,11,19,21,26,22,39,16,22,41,30,41,23,38,22,40,42,39,10,13,23,35,39,24,23,38,33,34,48,4,13,2,38,38,34,17,29,33,32,41,45,45,31,4,44,38,9,14,14,19
0,22,8,12,4,39,39,44,1,10,34,9,15,38,35,12,43,22,10,35,16,36,42,19,44,12,45,35,22,16,37,49,10,20,1,40,11,18,1,11,43,1,11,20,32,7,25,41,43,45,42,34,30,11,19,21,26,22,39,16,22,41,30,41,23,38,22,40,42,39,10,13,23,35,39,24,23,38,33,39,48,4,13,2,38,38,34,17,29,33,32,41,45,45,31,4,44,35,1,14,14,19
0,23,8,12,4,39,39,44,1,10,34,9,15,38,35,12,43,22,10,35,16,36,42,19,44,12,45,35,22,16,37,49,10,20,1,40,11,18,1,11,43,1,11,20,32,7,25,41,43,45,42,34,30,11,19,21,26,22,39,16,22,41,30,41,23,38,22,40,42,39,10,13,23,35,39,24,23,38,33,39,48,4,13,2,38,38,34,17,29,33,32,41,45,45,31,4,44,35,1,14,14,19
0,24,8,12,4,39,39,44,1,10,34,9,15,38,35,12,43,22,10,35,16,36,42,19,44,12,45,35,22,16,37,49,10,20,1,40,11,18,1,11,43,1,11,20,32,7,25,41,43,45,42,34,30,11,19,21,26,22,39,16,22,41,30,41,23,38,22,40,42,39,10,13,23,35,39,24,23,38,33,39,48,4,13,2,38,38,34,17,29,33,32,41,45,45,31,4,44,35,1,14,14,19
0,25,8,12,4,39,39,44,1,10,34,9,15,38,35,12,43,22,10,35,16,36,42,19,44,12,45,35,22,16,37,49,10,20,1,40,11,18,1,11,43,1,11,20,32,7,25,41,43,45,42,34,30,11,19,21,26,22,39,16,22,41,30,41,23,38,22,40,42,39,10,13,23,35,39,24,23,38,33,39,48,4,13,2,38,38,34,17,29,33,32,41,45,45,31,9,44,38,1,14,14,19
0,26,8,12,4,39,39,44,1,10,34,9,15,38,35,12,43,22,10,35,16,36,42,19,44,12,45,35,22,16,37,49,10,20,1,40,11,18,1,11,43,1,11,20,32,7,25,41,43,45,42,34,30,11,19,21,26,22,39,16,22,41,30,41,23,38,22,40,42,39,10,13,23,35,39,24,23,38,33,39,48,4,13,2,38,38,34,17,29,33,32,41,45,45,31,4,44,38,1,14,14,19
0,27,8,12,4,39,39,44,1,10,34,9,15,38,35,12,43,22,10,35,16,36,42,19,44,12,45,35,22,16,37,49,10,20,1,40,11,18,1,11,43,1,11,20,32,7,25,41,43,45,42,34,30,11,19,21,26,22,39,16,22,41,30,41,23,38,22,40,42,39,10,13,23,35,39,24,23,38,33,39,48,4,13,2,38,38,34,17,29,33,32,41,45,45,31,4,44,38,1,14,14,19
0,28,8,12,4,39,39,44,1,10,34,9,15,38,35,12,43,22,10,35,16,36,42,19,44,12,45,35,22,16,37,49,10,20,1,40,11,18,1,11,43,1,11,20,32,7,25,41,43,45,42,34,30,11,19,21,26,22,39,16,22,41,30,41,23,38,22,40,42,39,10,13,23,35,39,24,23,38,33,39,48,4,13,2,38,38,34,17,29,33,32,41,45,45,31,4,44,38,1,14,14,19
0,29,8,12,4,39,39,44,1,10,34,9,15,38,35,12,43,22,10,35,16,36,42,19,44,12,45,35,22,16,37,49,10,20,1,40,11,18,1,11,43,1,11,20,32,7,25,41,43,45,42,34,30,11,19,21,26,22,39,16,22,41,30,41,23,38,22,40,42,39,10,13,23,35,39,24,23,38,33,39,48,4,13,2,38,38,34,17,29,33,32,41,45,45,31,9,44,35,1,14,12,19
0,30,8,12,4,39,39,44,1,10,34,9,15,38,35,12,43,22,10,35,16,36,42,19,44,12,45,35,22,16,37,49,10,20,1,40,11,18,1,11,43,1,11,20,32,7,25,41,43,45,42,34,30,11,19,21,26,22,39,16,22,41,30,41,23,38,22,40,42,39,10,13,23,35,39,24,23,38,33,39,48,4,13,2,38,38,34,17,29,33,32,41,45,45,31,9,44,35,1,14,12,19
0,31,8,12,4,39,39,44,1,10,34,9,15,38,35,12,43,22,10,35,16,36,42,19,44,12,45,35,22,16,37,49,10,20,1,40,11,18,1,11,43,1,11,20,32,7,25,41,43,45,42,34,30,11,19,21,26,22,39,16,22,41,30,41,23,38,22,40,42,39,10,13,23,35,39,24,23,38,33,36,48,4,13,2,38,38,34,17,29,33,32,41,45,45,31,9,44,35,1,14,12,19
0,32,8,12,4,39,39,44,1,10,34,9,15,38,35,12,43,22,10,35,16,36,42,19,44,12,45,35,22,16,37,49,10,20,1,40,11,18,1,11,43,1,11,20,32,7,25,41,43,45,42,34,30,11,19,21,26,22,39,16,22,41,30,41,23,38,22,40,42,39,10,13,23,35,39,24,23,38,33,36,48,4,13,2,38,38,34,17,29,33,32,41,45,45,31,9,44,35,1,14,14,19
0,33,8,12,4,39,39,44,1,10,34,9,15,38,35,12,43,22,10,35,16,36,42,19,44,12,45,35,22,16,37,49,10,20,1,40,11,18,1,11,43,1,11,20,32,7,25,41,43,45,42,34,30,11,19,21,26,22,39,16,22,41,30,41,23,38,22,40,42,39,10,13,23,35,39,24,23,38,33,36,48,4,13,2,38,38,34,17,29,33,32,41,45,45,31,9,44,35,1,14,14,19
0,34,8,12,4,39,39,44,1,10,34,9,15,38,35,12,43,22,10,35,16,36,42,19,44,12,45,35,22,16,37,49,10,20,1,40,11,18,1,11,43,1,11,20,32,7,25,41,43,45,42,34,30,11,19,21,26,22,39,16,22,41,30,41,23,38,22,40,42,39,10,13,23,35,39,24,23,38,33,36,48,4,13,2,38,38,34,17,29,33,32,41,45,45,31,4,44,35,9,14,14,19
0,35,8,12,4,39,39,44,1,10,34,9,15,38,35,12,43,22,10,35,16,36,42,19,44,12,45,35,22,16,37,49,10,20,1,40,11,18,1,11,43,1,11,20,32,7,25,41,43,45,42,34,30,11,19,21,26,22,39,16,22,41,30,41,23,38,22,40,42,39,10,13,23,35,39,24,23,38,33,36,48,4,13,2,38,38,34,17,29,33,32,41,45,45,31,4,44,35,9,14,14,19
0,36,8,12,4,39,39,44,1,10,34,9,15,38,35,12,43,22,10,35,16,36,42,19,44,12,45,35,22,16,37,49,10,20,1,40,11,18,1,11,43,1,11,20,32,7,25,41,43,45,42,34,30,11,19,21,26,22,39,16,22,41,30,41,23,38,22,40,42,39,10,13,23,35,39,24,23,38,33,36,48,4,13,2,38,38,34,17,29,33,32,41,45,45,31,4,44,35,9,14,14,19
0,37,8,12,4,39,39,44,1,10,34,9,15,38,35,12,43,22,10,35,16,36,42,19,44,12,45,35,22,16,37,49,10,20,1,40,11,18,1,11,43,1,11,20,32,7,25,41,43,45,42,34,30,11,19,21,26,22,39,16,22,41,30,41,23,38,22,40,42,39,10,13,23,35,39,24,23,38,33,36,48,4,13,2,38,38,34,17,29,33,32,41,45,45,31,4,44,35,9,14,14,19
0,38,8,12,4,39,39,44,1,10,34,9,15,38,35,12,43,22,10,35,16,36,42,19,44,12,45,35,22,16,37,49,10,20,1,40,11,18,1,11,43,1,11,20,32,7,25,41,43,45,42,34,30,11,19,21,26,22,39,16,22,41,30,41,23,38,22,40,42,39,10,13,23,35,39,24,23,38,33,36,48,4,13,2,38,38,34,17,29,33,32,41,45,45,31,4,44,35,9,14,14,19
0,39,8,12,4,39,39,44,1,10,34,9,15,38,35,12,43,22,10,35,16,36,42,19,44,12,45,35,22,16,37,49,10,20,1,40,11,18,1,11,43,1,11,20,32,7,25,41,43,45,42,34,30,11,19,21,26,22,39,16,22,41,30,41,23,38,26,40,42,39,10,13,23,35,39,24,23,38,33,34,48,4,13,8,38,38,34,17,29,33,32,41,45,45,31,4,44,38,9,14,14,19
1,0,10,12,38,38,32,14,8,12,40,40,41,10,29,12,24,14,33,38,1,38,20,46,34,34,19,23,48,10,34,36,41,16,39,37,45,11,11,45,35,42,24,43,35,10,15,31,35,25,9,22,26,23,41,35,44,33,26,16,4,22,30,7,1,42,18,38,44,42,11,44,11,19,39,36,13,32,20,19,12,10,41,1,22,39,1,43,39,21,9,4,35,45,9,8,46,23,34,49,37,17
1,1,10,12,38,38,32,14,8,12,40,40,41,10,29,12,24,14,33,38,1,38,20,46,34,34,19,23,48,10,34,36,41,16,39,37,45,11,11,45,35,42,24,43,35,10,15,31,35,25,9,22,26,23,41,35,44,33,26,16,4,22,30,7,1,42,18,38,44,42,11,44,11,19,39,36,13,32,20,19,12,10,41,1,22,39,1,43,39,21,9,4,35,45,9,8,46,23,34,49,37,17
1,2,10,12,38,38,32,14,8,12,40,40,41,10,29,12,24,14,33,38,1,38,20,46,34,34,19,23,48,10,34,36,41,16,39,37,45,11,11,45,35,42,24,43,35,10,15,31,35,25,9,22,26,23,41,35,44,33,26,16,4,22,30,7,1,42,18,38,44,42,11,44,11,19,39,36,13,32,20,19,12,10,41,1,22,39,1,43,39,21,9,4,35,45,9,8,46,23,34,49,37,17
1,3,10,12,38,38,32,14,8,12,40,40,41,10,29,12,24,14,33,38,1,38,20,46,34,34,19,23,48,10,34,36,41,16,39,37,45,11,11,45,35,42,24,43,35,10,15,31,35,25,9,22,26,23,41,35,44,33,26,16,4,22,30,7,1,42,18,38,44,42,11,44,11,19,39,36,13,32,20,19,12,10,41,1,22,39,1,43,39,21,9,4,35,45,9,8,49,23,34,49,37,17
1,4,10,12,38,38,32,14,8,12,40,40,41,10,29,12,24,14,33,38,1,38,20,46,34,34,19,23,48,10,34,36,41,16,39,37,45,11,11,45,35,42,24,43,35,10,15,31,35,25,9,22,26,23,41,35,44,33,26,16,4,22,30,7,1,42,18,38,44,42,11,44,11,19,39,36,13,32,20,19,12,10,41,1,22,39,1,43,39,21,9,4,38,45,9,8,49,23,34,49,37,17
1,5,10,12,38,38,32,14,8,12,40,40,41,10,29,12,24,14,33,38,1,38,20,46,34,34,19,23,48,10,34,36,41,16,39,37,45,11,11,45,35,42,24,43,35,10,15,31,35,25,9,22,26,23,41,35,44,33,26,16,4,22,30,7,1,42,18,38,44,42,11,44,11,19,39,36,13,32,20,19,12,10,41,1,22,39,1,43,39,21,9,4,38,45,9,8,49,23,34,49,37,17
1,6,10,12,38,38,32,14,8,12,40,40,41,10,29,12,24,14,33,38,1,38,20,46,34,34,19,23,48,10,34,36,41,16,39,37,45,11,11,45,35,42,24,43,35,10,15,31,35,25,9,22,26,23,41,35,44,33,26,16,4,22,30,7,1,42,18,38,44,42,11,44,11,19,39,36,13,32,20,19,12,10,41,1,22,39,1,43,39,21,9,4,38,45,9,8,49,23,34,49,37,17
1,7,10,12,38,38,32,14,8,12,40,40,41,10,29,12,24,14,33,38,1,38,20,46,34,34,19,23,48,10,34,36,41,16,39,37,45,11,11,45,35,42,24,43,35,10,15,31,35,25,9,22,26,23,41,35,44,33,26,16,4,22,30,7,1,42,18,38,44,42,11,44,11,19,39,36,13,32,20,19,12,10,41,1,22,39,1,43,39,21,9,4,38,45,9,8,49,23,34,49,32,17
1,8,10,12,38,38,32,14,8,12,40,40,41,10,29,12,24,14,33,38,1,38,20,46,34,34,19,23,48,10,34,36,41,16,39,37,45,11,11,45,35,42,24,43,35,10,15,31,35,25,9,22,26,23,41,35,44,33,26,16,4,22,30,7,1,42,18,38,44,42,11,44,11,17,39,34,13,32,20,19,12,10,41,1,22,39,1,43,39,21,9,4,38,45,9,8,45,23,34,49,32,17
1,9,10,12,38,38,32,14,8,12,40,40,41,10,29,12,24,14,33,38,1,38,20,46,34,34,19,23,48,10,34,36,41,16,39,37,45,11,11,45,35,42,24,43,35,10,15,31,35,25,9,22,26,23,41,35,44,33,26,16,4,22,30,7,1,42,18,38,44,42,11,44,11,17,39,34,13,32,20,19,12,10,41,1,22,39,1,43,39,21,9,4,38,45,9,8,45,23,34,49,32,17
1,10,10,12,38,38,32,14,8,12,40,40,41,10,29,12,24,14,33,38,1,38,20,46,34,34,19,23,48,10,34,36,41,16,39,37,45,11,11,45,35,42,24,43,35,10,15,31,35,25,9,22,26,23,41,35,44,33,26,16,4,22,30,7,1,42,18,38,44,42,11,44,11,17,39,34,13,32,20,19,12,10,41,1,22,39,1,43,39,21,9,4,38,45,9,8,45,23,34,49,32,17
1,11,10,12,38,38,32,14,8,12,40,40,41,10,29,12,24,14,33,38,1,38,20,46,34,34,19,23,48,10,34,36,41,16,39,37,45,11,11,45,35,42,24,43,35,10,15,31,35,25,9,22,26,23,41,35,44,33,26,16,4,22,30,7,1,42,18,38,44,42,11,44,11,17,39,34,13,32,20,19,12,10,41,1,22,39,1,43,39,21,9,4,38,45,9,8,45,23,34,49,32,17
1,12,10,12,38,38,32,14,8,12,40,40,41,10,29,12,24,14,33,38,1,38,20,46,34,34,19,23,48,10,34,36,41,16,39,37,45,11,11,45,35,42,24,43,35,10,15,31,35,25,9,22,26,23,41,35,44,33,26,16,4,22,30,7,1,42,18,38,44,42,11,44,11,17,39,34,13,32,20,19,12,10,41,1,22,39,1,43,39,21,9,4,38,45,9,8,45,23,34,49,32,17
1,13,10,12,38,38,32,14,8,12,40,40,41,10,29,12,24,14,33,38,1,38,20,46,34,34,19,23,48,10,34,36,41,16,39,37,45,11,11,45,35,42,24,43,35,10,15,31,35,25,9,22,26,23,41,35,44,33,26,16,4,22,30,7,1,42,18,38,44,42,11,44,11,17,39,34,13,32,20,19,12,10,41,1,22,39,1,43,39,21,9,4,38,45,9,8,45,23,34,49,32,17
1,14,10,12,38,38,32,14,8,12,40,40,41,10,29,12,24,14,33,38,1,38,20,46,34,34,19,23,48,10,34,36,41,16,39,37,45,11,11,45,35,42,24,43,35,10,15,31,35,25,9,22,26,23,41,35,44,33,26,16,4,22,30,7,1,42,18,38,44,42,11,44,11,17,39,34,13,32,20,19,12,10,41,1,22,39,1,43,39,21,9,4,38,45,9,8,45,23,34,49,37,17
1,15,10,12,38,38,32,14,8,12,40,40,41,10,29,12,24,14,33,38,1,38,20,46,34,34,19,23,48,10,34,36,41,16,39,37,45,11,11,45,35,42,24,43,35,10,15,31,35,25,9,22,26,23,41,35,44,33,26,16,4,22,30,7,1,42,18,38,44,42,11,44,11,17,39,34,13,32,20,19,12,10,41,1,22,39,1,43,39,21,9,4,38,45,9,8,45,23,34,49,37,17
1,16,10,12,38,38,32,14,8,12,40,40,41,10,29,12,24,14,33,38,1,38,20,46,34,34,19,23,48,10,34,36,41,16,39,37,45,11,11,45,35,42,24,43,35,10,15,31,35,25,9,22,26,23,41,35,44,33,26,16,4,22,30,7,1,42,18,38,44,42,11,44,11,17,39,34,13,32,20,19,12,10,41,1,22,39,1,43,39,21,9,4,38,45,9,8,45,23,34,49,37,17
1,17,10,12,38,38,32,14,8,12,40,40,41,10,29,12,24,14,33,38,1,38,20,46,34,34,19,23,48,10,34,36,41,16,39,37,45,11,11,45,35,42,24,43,35,10,15,31,35,25,9,22,26,23,41,35,44,33,26,16,4,22,30,7,1,42,18,38,44,42,11,44,11,17,39,34,13,32,20,19,12,10,41,1,22,39,1,43,39,21,9,4,38,45,9,8,45,23,34,49,37,17
1,18,10,12,38,38,32,14,8,12,40,40,41,10,29,12,24,14,33,38,1,38,20,46,34,34,19,23,48,10,34,36,41,16,39,37,45,11,11,45,35,42,24,43,35,10,15,31,35,25,9,22,26,23,41,35,44,33,26,16,4,22,30,7,1,42,18,38,44,42,11,44,11,17,39,34,13,32,20,19,12,10,41,1,22,39,1,43,39,21,9,4,38,45,9,8,45,23,34,49,37,17
1,19,10,12,38,38,32,14,8,12,40,40,41,10,29,12,24,14,33,38,1,38,20,46,34,34,19,23,48,10,34,36,41,16,39,37,45,11,11,45,35,42,24,43,35,10,15,31,35,25,9,22,26,23,41,35,44,33,26,16,4,22,30,7,1,42,18,38,44,42,11,44,11,17,39,34,13,32,20,19,12,10,41,1,22,39,1,43,39,21,9,4,38,45,9,8,49,23,34,49,37,17
1,20,10,12,38,38,32,14,8,12,40,40,41,10,29,12,24,14,33,38,1,38,20,46,34,34,19,23,48,10,34,36,41,16,39,37,45,11,11,45,35,42,24,43,35,10,15,31,35,25,9,22,26,23,41,35,44,33,26,16,4,22,30,7,1,42,18,38,44,42,11,44,11,17,39,34,13,32,20,19,12,10,41,1,22,39,1,43,39,21,9,4,38,45,9,8,49,23,34,49,37,17
1,21,10,12,38,38,32,14,8,12,40,40,41,10,29,12,24,12,33,38,1,38,20,46,34,34,19,23,48,10,34,36,41,16,39,37,45,11,11,45,35,42,24,43,35,10,15,31,35,25,9,22,26,23,41,35,44,33,26,16,6,22,30,7,1,42,18,38,44,42,11,44,11,17,39,34,13,32,20,19,12,10,41,1,22,39,1,43,39,21,9,4,35,45,9,8,49,23,34,49,37,17
1,22,10,12,38,38,32,14,8,12,40,40,41,10,29,12,24,12,33,38,1,38,20,46,34,34,19,23,48,10,34,36,41,16,39,37,45,11,11,45,35,42,24,43,35,10,15,31,35,25,9,22,26,23,41,35,44,33,26,16,6,22,30,7,1,42,18,38,44,42,11,44,11,17,39,34,13,32,20,19,12,10,41,1,22,39,1,43,39,21,9,4,35,45,9,8,49,23,34,49,37,17
1,23,10,12,38,38,32,14,8,12,40,40,41,10,29,12,24,12,33,38,1,38,20,46,34,34,19,23,48,10,34,36,41,16,39,37,45,11,11,45,35,42,24,43,35,10,15,31,35,25,9,22,26,23,41,35,44,33,26,16,6,22,30,7,1,42,18,38,44,42,11,44,11,17,39,34,13,32,20,19,12,10,41,1,22,39,1,43,39,21,9,4,35,45,9,8,49,23,34,49,32,17
1,24,10,12,38,38,32,14,8,12,40,40,41,10,29,12,24,12,33,38,1,38,20,46,34,34,19,23,48,10,34,36,41,16,39,37,45,11,11,45,35,42,24,43,35,10,15,31,35,25,9,22,26,23,41,35,44,33,26,16,6,22,30,7,1,42,18,38,44,42,11,44,11,17,39,34,13,32,20,19,12,10,41,1,22,39,1,43,39,21,9,4,35,45,9,8,49,23,34,49,32,17
1,25,10,12,38,38,32,14,8,12,40,40,41,10,29,12,24,12,33,38,1,38,20,46,34,34,19,23,48,10,34,36,41,16,39,37,45,11,11,45,35,42,24,43,35,10,15,31,35,25,9,22,26,23,41,35,44,33,26,16,6,22,30,7,1,42,18,38,44,42,11,44,11,17,39,34,13,32,20,19,12,10,41,1,22,39,1,43,39,21,9,4,35,45,9,8,49,23,34,49,32,17
1,26,10,12,38,38,32,14,8,12,40,40,41,10,29,12,24,12,33,38,1,38,20,46,34,34,19,23,48,10,34,36,41,16,39,37,45,11,11,45,35,42,24,43,35,10,15,31,35,25,9,22,26,23,41,35,44,33,26,16,6,22,30,7,1,42,18,38,44,42,11,44,11,17,39,34,13,32,20,19,12,10,41,1,22,39,1,43,39,21,9,4,35,45,9,8,49,23,34,49,32,17
1,27,10,12,38,38,32,14,8,12,40,40,41,10,29,12,24,12,33,38,1,38,20,46,34,34,19,23,48,10,34,36,41,16,39,37,45,11,11,45,35,42,24,43,35,10,15,31,35,25,9,22,26,23,41,35,44,33,26,16,6,22,30,7,1,42,18,38,44,42,11,44,11,17,39,34,13,32,20,19,12,10,41,1,22,39,1,43,39,21,9,4,35,45,9,8,49,23,34,49,32,17
1,28,10,12,38,38,32,14,8,12,40,40,41,10,29,12,24,12,33,38,1,38,20,46,34,34,19,23,48,10,34,36,41,16,39,37,45,11,11,45,35,42,24,43,35,10,15,31,35,25,9,22,26,23,41,35,44,33,26,16,6,22,30,7,1,42,18,38,44,42,11,44,11,17,39,34,13,32,20,19,12,10,41,1,22,39,1,43,39,21,9,4,35,45,9,8,49,23,34,49,32,17
1,29,10,12,38,38,32,14,8,12,40,40,41,10,29,12,24,12,33,38,1,38,20,46,34,34,19,23,48,10,34,36,41,16,39,37,45,11,11,45,35,42,24,43,35,10,15,31,35,25,9,22,26,23,41,35,44,33,26,16,6,22,30,7,1,42,18,38,44,42,11,44,11,17,39,34,13,32,20,19,12,10,41,1,22,39,1,43,39,21,9,4,35,45,9,8,49,23,34,49,32,17
1,30,10,12,38,38,32,14,8,12,40,40,41,10,29,12,24,12,33,38,1,38,20,43,34,34,19,23,48,10,34,36,41,13,39,37,45,11,11,45,35,42,24,43,35,10,15,31,35,25,9,22,26,23,41,35,44,33,26,16,6,22,30,7,2,42,18,38,44,42,11,44,11,17,39,34,13,32,20,19,12,10,41,1,22,39,1,43,39,21,9,4,35,45,9,8,49,23,34,49,37,17
1,31,10,12,38,38,32,14,8,12,40,40,41,10,29,12,24,12,33,38,1,38,20,43,34,34,19,23,48,10,34,36,41,13,39,37,45,11,11,45,35,42,24,43,35,10,15,31,35,25,9,22,26,23,41,35,44,33,26,16,6,22,30,7,2,42,18,38,44,42,11,44,11,17,39,34,13,32,20,19,12,10,41,1,22,39,1,43,39,21,9,4,35,45,9,8,49,23,34,49,37,17
1,32,10,12,38,38,32,14,8,12,40,40,41,10,29,12,24,12,33,38,1,38,20,43,34,34,19,23,48,10,34,36,41,13,39,37,45,11,11,45,35,42,24,43,35,10,15,31,35,25,9,22,26,23,41,35,44,33,26,16,6,22,30,7,2,42,18,38,44,42,11,44,11,17,39,34,13,32,20,19,12,10,41,1,22,39,1,43,39,21,9,4,35,45,9,8,49,23,34,49,32,17
1,33,10,12,38,38,32,14,8,12,40,40,41,10,29,12,24,12,33,38,1,38,20,43,34,34,19,23,48,10,34,36,41,13,39,37,45,11,11,45,35,42,24,43,35,10,15,31,35,25,9,22,26,23,41,35,44,33,26,16,6,22,30,7,2,42,18,38,44,42,11,44,11,17,39,34,13,32,20,19,12,10,41,1,22,39,1,43,39,21,9,4,35,45,9,8,49,23,34,49,32,17
1,34,10,12,38,38,32,14,8,12,40,40,41,10,29,12,24,12,33,38,1,38,20,43,34,34,19,23,48,10,34,36,41,13,39,37,45,11,11,45,35,42,24,43,35,10,15,31,35,25,9,22,26,23,41,35,44,33,26,16,6,22,30,7,2,42,18,38,44,42,11,44,11,17,39,34,13,32,20,19,12,10,41,1,22,39,1,43,39,21,9,4,35,45,9,8,49,23,34,49,32,17
1,35,10,12,38,38,32,14,8,12,40,40,41,10,29,12,24,12,33,38,1,38,20,43,34,34,19,23,48,10,34,36,41,13,39,37,45,11,11,45,35,42,24,43,35,10,15,31,35,25,9,22,26,23,41,35,44,33,26,16,6,22,30,7,2,42,18,38,44,42,11,44,11,17,39,34,13,32,20,19,12,10,41,1,22,39,1,43,39,21,9,4,35,45,9,8,49,23,34,49,37,17
1,36,10,12,38,38,32,14,8,12,40,40,41,10,29,12,24,12,33,38,1,38,20,43,34,34,19,23,48,16,34,36,41,13,39,37,45,11,11,45,35,42,24,43,35,10,15,31,35,25,9,22,26,23,41,35,44,33,26,16,6,22,30,7,2,42,18,38,44,42,11,44,11,17,39,34,13,32,20,19,12,10,41,1,22,39,1,43,39,21,9,4,35,45,9,8,49,23,34,49,32,17
1,37,10,12,38,38,32,14,8,12,40,40,41,10,29,12,24,12,33,38,1,38,20,43,34,34,19,23,48,16,34,36,41,13,39,37,45,11,11,45,35,42,24,43,35,10,15,31,35,25,9,22,26,23,41,35,44,33,26,16,6,22,30,7,2,42,18,38,44,42,11,44,11,17,39,34,13,32,20,19,12,10,41,1,22,39,1,43,39,21,9,4,35,45,9,8,49,23,34,49,32,17
1,38,10,12,38,38,32,14,8,12,40,40,41,10,29,12,24,12,33,38,1,38,20,43,34,34,19,23,48,16,34,36,41,13,39,37,45,11,11,45,35,42,24,43,35,10,15,31,35,25,9,22,26,23,41,35,44,33,26,16,6,22,30,7,2,42,18,38,44,42,11,44,11,17,39,34,13,32,20,19,12,10,41,1,22,39,1,43,39,21,9,4,35,45,9,8,49,23,34,49,32,17
1,39,10,12,38,38,32,14,8,12,40,40,41,10,29,12,24,12,33,38,1,38,20,43,34,34,19,23,48,16,34,36,41,13,39,37,45,11,11,45,35,42,24,43,35,10,15,31,35,25,9,22,26,23,41,35,44,33,26,16,6,22,30,7,2,42,18,38,44,42,11,44,11,17,39,34,13,32,20,19,12,10,41,1,22,39,1,43,39,21,9,4,35,45,9,8,49,23,34,49,32,17
2,0,22,12,39,7,11,38,45,43,23,18,45,20,22,30,31,44,12,11,1,36,35,38,14,11,23,36,35,14,25,13,8,10,23,17,19,26,32,33,16,32,33,42,42,48,41,11,9,38,6,19,40,20,43,22,34,16,49,1,24,1,41,37,39,41,32,41,44,22,8,4,10,40,21,44,42,9,38,10,45,35,2,39,34,10,35,9,12,38,15,13,38,34,29,39,26,46,10,30,19,40
2,1,22,12,39,7,11,38,45,43,23,18,45,20,22,30,31,44,12,11,1,36,35,38,14,11,23,36,35,14,25,13,8,10,23,17,19,26,32,33,16,32,33,42,42,48,41,11,9,38,6,19,40,20,43,22,34,16,49,1,24,1,41,37,39,41,32,41,44,22,8,4,10,40,21,44,42,9,38,10,45,35,2,39,34,10,35,9,12,38,15,13,38,34,29,39,22,46,10,30,19,40
2,2,22,12,39,7,11,38,45,43,23,18,45,20,22,30,31,44,12,11,1,36,35,38,14,11,23,36,35,14,25,13,8,10,23,17,19,26,32,33,16,32,33,42,42,48,41,11,9,38,6,19,40,20,43,22,34,16,49,1,24,1,41,37,39,41,32,41,44,22,8,4,10,40,21,44,42,9,38,10,45,35,2,39,34,10,35,9,12,38,15,13,38,34,29,39,22,46,10,30,19,40
2,3,22,12,39,7,11,38,45,43,23,18,45,20,22,30,31,44,12,11,1,36,35,38,14,11,23,36,35,14,25,13,8,10,23,17,19,26,32,33,16,32,33,42,42,48,41,11,9,38,6,19,40,20,43,22,34,16,49,1,24,1,41,37,39,41,32,41,44,22,8,4,10,40,21,44,42,9,38,10,45,35,2,39,34,10,35,9,12,38,15,13,38,34,29,39,22,46,10,30,19,40
2,4,22,12,39,7,11,38,45,43,23,18,45,20,22,30,31,44,12,11,1,36,35,38,14,11,23,36,35,14,25,13,8,10,23,17,19,26,32,33,16,32,33,42,42,48,41,11,9,38,6,19,40,20,43,22,34,16,49,1,24,1,41,37,39,41,32,41,44,22,8,4,10,40,21,44,42,9,38,10,45,35,2,39,34,10,35,9,12,38,15,13,38,34,29,39,22,46,10,30,19,40
2,5,22,12,39,7,11,38,45,43,23,18,45,20,22,30,31,44,12,11,1,36,35,38,14,11,23,36,35,14,25,13,8,10,23,17,19,26,32,33,16,32,33,42,42,48,41,11,9,38,6,19,40,20,43,22,34,16,49,1,24,1,41,37,39,41,32,41,44,22,8,4,10,40,21,44,42,9,38,10,45,35,2,39,34,10,35,9,12,38,15,13,38,34,29,39,22,46,10,30,19,40
2,6,22,12,39,7,11,38,45,43,23,18,45,20,22,30,31,44,12,11,1,36,35,38,14,11,23,36,35,14,25,13,8,10,23,17,19,26,32,33,16,32,33,42,42,48,41,11,9,38,6,19,40,20,43,22,34,16,49,1,24,1,41,37,39,41,32,41,44,22,8,4,10,40,21,44,42,9,38,10,45,35,2,39,34,10,35,9,12,38,15,13,38,34,29,39,22,46,10,30,19,40
2,7,22,12,39,7,11,38,45,43,23,18,45,20,22,30,31,44,12,11,1,36,35,35,14,11,23,36,35,14,25,13,8,10,23,17,19,26,32,33,16,32,33,42,42,48,41,11,9,38,6,19,40,20,43,22,34,16,49,1,24,1,41,30,39,41,32,41,44,22,8,4,10,40,21,44,42,9,38,10,45,35,2,39,34,10,35,9,12,38,15,13,38,34,29,39,22,46,10,30,19,40
2,8,22,12,39,7,11,38,45,43,23,18,45,20,22,30,31,44,12,11,1,36,35,35,14,11,23,36,35,14,25,13,8,10,23,17,19,26,32,33,16,32,33,42,42,48,41,11,9,38,6,19,40,20,43,22,34,16,49,1,24,1,41,30,39,41,32,41,44,22,8,4,10,40,21,44,42,9,38,10,45,35,2,39,34,10,35,9,12,38,15,13,38,34,29,39,26,46,10,30,19,40
2,9,22,12,39,7,11,38,45,43,23,18,45,20,22,30,31,44,12,11,1,36,35,35,14,11,23,36,35,14,25,13,8,10,23,17,19,26,32,33,16,32,33,42,42,48,41,11,9,38,6,19,40,20,43,22,34,16,49,1,24,1,41,30,39,41,32,41,44,22,8,4,10,40,21,44,42,9,38,10,45,35,2,39,34,10,35,9,12,38,15,13,38,34,29,39,26,46,10,30,19,40
2,10,22,12,39,7,11,38,45,43,23,18,45,20,22,30,31,44,12,11,1,36,35,35,14,11,23,36,35,14,25,13,8,10,23,17,19,26,32,33,16,32,33,42,42,48,41,11,9,38,6,19,40,20,43,22,34,16,49,1,24,1,41,30,39,41,32,41,44,22,8,4,10,40,21,44,42,9,38,10,45,35,2,39,34,10,35,9,12,38,15,13,38,34,29,39,26,46,10,30,19,40
2,11,22,12,39,7,11,38,45,43,23,18,45,20,22,30,31,44,12,11,1,36,35,35,14,11,23,36,35,14,25,13,8,10,23,17,19,26,32,33,16,32,33,42,42,48,41,11,9,38,6,19,40,20,43,22,34,16,49,1,24,1,41,30,39,41,37,41,44,22,8,4,10,40,21,44,42,9,38,10,45,35,2,39,34,10,35,9,12,38,15,13,38,34,29,39,26,46,10,30,19,40
2,12,22,12,39,7,11,38,45,43,23,18,45,20,22,30,31,44,12,11,1,36,35,35,14,11,23,36,35,14,25,13,8,10,23,17,19,26,32,33,16,32,33,42,42,48,41,11,9,38,6,19,40,20,43,22,34,16,49,1,24,1,41,30,39,41,37,41,44,22,8,4,10,40,21,44,42,9,38,10,45,35,2,39,34,10,35,9,12,38,15,13,38,34,29,39,26,46,10,30,19,40
2,13,22,12,39,7,11,38,45,43,23,18,45,20,22,30,31,44,12,11,1,36,35,35,14,11,23,36,35,14,25,13,8,10,23,17,19,26,32,33,16,32,33,42,42,48,41,11,9,38,6,19,40,20,43,22,34,16,49,1,24,1,41,30,39,41,37,41,44,22,8,4,10,40,21,44,42,9,38,10,45,35,2,39,34,10,35,9,12,38,15,13,38,34,29,39,26,46,10,30,19,40
2,14,22,12,39,7,11,38,45,43,23,18,45,20,22,30,31,44,12,11,1,36,35,35,14,11,23,36,35,14,25,13,8,10,23,17,19,26,32,33,16,32,33,42,42,48,41,11,9,38,6,19,40,20,43,22,34,16,49,1,24,1,41,30,39,41,37,41,44,22,8,4,10,40,21,44,42,9,38,10,45,35,2,39,34,10,35,9,12,38,15,13,38,34,29,39,26,46,10,30,19,40
2,15,22,12,39,7,11,38,45,43,23,18,45,20,22,30,31,44,12,11,1,36,35,35,14,11,23,36,35,14,25,13,8,10,23,17,19,26,32,33,16,32,33,42,42,48,41,11,9,38,6,19,40,20,43,22,34,16,49,1,24,1,41,30,39,41,37,41,44,22,8,4,10,40,21,44,42,9,38,10,45,35,2,39,34,10,35,9,12,38,15,13,38,34,29,39,26,46,10,30,19,40
2,16,22,12,39,7,11,38,45,43,23,18,45,20,22,39,31,44,12,11,1,36,35,35,14,11,23,36,35,14,25,13,8,10,23,17,19,26,32,33,16,32,33,42,42,48,41,11,9,38,6,19,40,20,43,22,34,16,49,1,24,1,41,30,39,41,37,41,44,22,8,4,10,40,21,44,42,9,38,10,45,35,1,39,34,10,35,9,12,38,15,13,38,34,29,39,26,46,10,30,19,40
2,17,22,12,39,7,11,38,45,43,23,18,45,20,22,39,31,44,12,11,1,36,35,35,14,11,23,36,35,14,25,13,8,10,23,17,19,26,32,33,16,32,33,42,42,48,41,11,9,38,6,19,40,20,43,22,34,16,49,1,24,1,41,30,39,41,37,41,44,22,8,4,10,40,21,44,42,9,38,10,45,35,1,39,34,10,35,9,12,38,15,13,38,34,29,39,26,46,10,30,19,40
2,18,22,12,39,7,11,38,45,43,23,18,45,20,22,39,31,44,12,11,1,36,35,35,14,11,23,36,35,14,25,13,8,10,23,17,19,26,32,33,16,32,33,42,42,48,41,11,9,38,6,19,40,20,43,22,34,16,49,1,24,1,41,30,39,41,37,41,44,22,8,4,10,40,21,44,42,9,38,10,45,35,1,39,34,10,35,9,12,38,15,13,38,34,29,39,26,46,10,30,19,40
2,19,22,12,39,7,11,38,45,43,23,18,45,20,22,39,31,44,12,11,1,36,35,35,14,11,23,36,35,14,25,13,8,10,23,17,19,26,32,33,16,32,33,42,42,48,41,11,9,38,6,19,40,20,43,22,34,16,49,1,24,1,41,30,39,41,37,41,44,22,8,4,10,40,21,44,42,9,38,10,45,35,1,39,34,10,35,9,12,38,15,13,38,34,29,39,26,46,10,30,19,40
2,20,22,12,39,7,11,38,45,43,23,18,45,20,22,39,31,44,12,11,1,36,35,35,14,11,23,36,35,14,25,13,8,10,23,17,19,26,32,33,16,32,33,42,42,48,41,11,9,38,6,19,40,20,43,22,34,16,49,1,24,1,41,30,39,41,37,41,44,22,8,4,10,40,21,44,42,9,38,10,45,35,1,39,34,10,35,9,12,38,15,13,38,34,29,39,26,43,10,30,19,40
2,21,22,12,39,7,11,38,45,43,23,18,45,20,22,39,31,44,12,11,1,36,35,35,14,11,23,36,35,14,25,13,8,10,23,17,19,26,32,33,16,32,33,42,42,48,41,11,9,38,6,19,40,20,43,22,34,16,49,1,24,1,41,30,39,41,37,41,44,22,8,4,10,40,21,44,42,9,38,10,45,35,1,39,34,10,35,9,12,38,15,13,38,34,29,39,22,43,10,30,19,40
2,22,22,12,39,7,11,38,45,43,23,18,45,20,22,39,31,44,12,11,1,36,35,35,14,11,23,36,35,14,25,13,8,10,23,17,19,26,32,33,16,32,33,42,42,48,41,11,9,38,6,19,40,20,43,22,34,16,49,1,24,1,41,30,39,41,37,41,44,22,8,4,10,40,21,44,42,9,38,10,45,35,1,39,34,10,35,9,12,38,15,13,38,34,29,39,22,43,10,30,19,40
2,23,22,12,39,7,11,38,45,43,23,18,45,20,22,39,31,44,12,11,1,36,35,35,14,11,23,36,35,14,25,13,8,10,23,17,19,26,32,33,16,32,33,42,42,48,41,11,9,38,6,19,40,20,43,22,34,16,49,1,24,1,41,30,39,41,37,41,44,22,8,4,10,40,21,44,42,9,38,10,45,35,1,39,34,10,35,9,12,38,15,13,38,34,29,39,22,46,10,30,19,40
2,24,22,12,39,7,11,38,45,43,23,18,45,20,22,39,31,44,12,11,1,36,35,35,14,11,23,36,35,14,25,13,8,10,23,17,19,26,32,33,16,32,33,42,42,48,41,11,9,38,6,19,40,20,43,22,34,16,49,1,24,1,41,30,39,41,37,41,44,22,8,4,10,40,21,44,42,9,38,10,45,35,1,39,34,10,35,9,12,38,15,13,38,34,29,39,22,46,10,30,19,40
2,25,22,12,39,7,11,38,45,43,23,18,45,20,22,39,31,44,12,11,1,36,35,35,14,11,23,36,35,14,25,13,8,10,23,17,19,26,32,33,16,32,33,42,42,48,41,11,9,38,6,19,40,20,43,22,34,16,49,1,24,1,41,30,39,41,37,41,44,22,8,4,10,40,21,44,42,9,38,10,45,35,1,39,34,10,35,9,12,38,15,13,38,34,29,39,22,46,10,30,19,40
2,26,22,12,39,7,11,38,45,43,23,18,45,20,22,39,31,44,12,11,1,36,35,35,14,11,23,36,35,14,25,13,8,10,23,17,19,26,32,33,16,32,33,42,42,48,41,11,9,38,6,19,40,20,43,22,34,16,49,1,24,1,41,30,39,41,37,41,44,22,8,4,10,40,21,44,42,9,38,10,45,35,1,39,34,10,35,9,12,38,15,13,38,34,29,39,22,46,10,30,19,40
2,27,22,12,39,7,11,38,45,43,23,18,45,20,22,39,31,44,12,11,1,36,35,35,14,11,23,36,35,14,25,13,8,10,23,17,19,26,32,33,16,32,33,42,42,48,41,11,9,38,6,19,40,20,43,22,34,16,49,1,24,1,41,30,39,41,37,41,44,22,8,4,10,40,21,44,42,9,38,10,45,35,1,39,34,10,35,9,12,38,15,13,38,34,29,39,22,46,10,30,19,40
2,28,22,12,39,7,11,38,45,43,23,18,45,20,22,39,31,44,12,11,1,36,35,35,14,11,23,36,35,14,25,13,8,10,23,17,19,26,32,33,16,32,33,42,42,48,41,11,9,38,6,19,40,20,43,22,34,16,49,1,24,1,41,30,39,41,37,41,44,22,8,4,10,40,21,44,42,9,38,10,45,35,1,39,34,10,35,9,12,38,15,13,38,34,29,39,22,43,10,30,19,40
2,29,22,12,39,7,11,38,45,43,23,18,45,20,22,39,31,44,12,11,1,36,35,35,14,11,23,36,35,14,25,13,8,10,23,17,19,26,32,33,16,32,33,42,42,48,41,11,9,38,6,19,40,20,43,22,34,16,49,1,24,1,41,30,39,41,37,41,44,22,8,4,10,40,21,44,42,9,38,10,45,35,1,39,34,10,35,9,12,38,15,13,38,34,29,39,22,43,10,30,19,40
2,30,22,12,39,7,11,38,45,43,23,18,45,20,22,39,31,44,12,11,1,36,35,35,14,11,23,36,35,14,25,13,8,10,23,17,19,26,32,33,16,32,33,42,42,48,41,11,9,38,6,19,40,20,43,22,34,16,49,1,24,1,41,30,39,41,37,41,44,22,8,4,10,40,21,44,42,9,38,10,45,35,1,39,34,10,35,9,12,38,15,13,38,34,29,39,22,43,10,30,19,40
2,31,22,12,39,7,11,38,45,43,23,18,45,20,22,39,31,44,12,11,1,36,35,35,14,11,23,36,35,14,25,13,8,10,23,17,19,26,32,33,16,32,33,42,42,48,41,11,9,38,6,19,40,20,43,22,34,16,49,1,24,1,41,30,39,41,37,41,44,22,8,4,16,40,21,44,42,9,38,10,45,35,1,39,34,10,35,9,12,38,15,13,38,34,29,39,22,43,10,30,19,40
2,32,22,12,39,7,11,38,45,43,23,18,45,20,22,39,31,44,12,11,1,36,35,35,14,11,23,36,35,14,25,13,8,10,23,17,19,26,32,33,16,32,33,42,42,48,41,11,9,38,6,19,40,20,43,22,34,16,49,1,24,1,41,30,39,41,37,41,44,22,8,4,16,40,21,44,42,9,38,10,45,35,1,39,34,10,35,9,12,38,15,13,38,34,29,39,22,43,10,30,19,40
2,33,22,12,39,7,11,38,45,43,23,18,45,20,22,39,31,44,12,11,1,36,35,35,14,11,23,36,35,14,25,13,8,10,23,17,19,26,32,33,16,32,33,42,42,48,41,11,9,38,6,19,40,20,43,22,34,16,49,1,24,1,41,30,39,41,37,41,44,22,8,4,16,40,21,44,42,9,38,10,45,35,1,39,34,10,35,9,12,38,15,13,38,34,29,39,22,43,10,30,19,40
2,34,22,12,39,7,11,38,45,43,23,18,45,20,22,39,31,44,12,11,1,36,35,35,14,11,23,36,35,14,25,13,8,10,23,17,19,26,32,33,16,32,33,42,42,48,41,11,9,38,6,19,40,20,43,22,34,16,49,1,24,1,41,30,39,41,37,41,44,22,8,4,16,40,21,44,42,9,38,10,45,35,1,39,34,10,35,9,12,38,15,13,38,34,29,39,22,43,10,30,19,40
2,35,22,12,39,7,11,38,45,43,23,18,45,20,22,39,31,44,12,11,1,36,35,35,14,11,23,36,35,14,25,13,8,10,23,17,19,26,32,33,16,32,33,42,42,48,41,11,9,38,6,19,49,20,43,22,34,16,49,1,24,1,41,30,39,41,37,41,44,22,8,4,16,40,21,44,42,9,38,10,45,35,1,39,34,10,35,9,12,38,15,13,38,34,29,39,22,46,10,30,19,40
2,36,22,12,39,7,11,38,45,43,23,18,45,20,22,39,31,44,12,11,1,36,35,35,14,11,23,36,35,14,25,13,8,10,23,17,19,26,32,33,16,32,33,42,42,48,41,11,9,38,6,19,49,20,43,22,34,16,49,1,24,1,41,30,39,41,37,41,44,22,8,4,16,40,21,44,42,9,38,10,45,35,1,39,34,10,35,9,12,38,15,13,38,34,29,39,22,46,10,30,19,40
2,37,22,12,39,7,11,38,45,43,23,18,45,20,22,39,31,44,12,11,1,36,35,35,14,11,23,36,35,14,25,13,8,10,23,17,19,26,32,33,16,32,33,42,42,48,41,11,9,38,6,19,49,20,43,22,34,16,49,1,24,1,41,30,39,41,37,41,44,22,8,4,16,40,21,44,42,9,38,10,45,35,1,39,34,10,35,1,12,38,15,13,38,34,29,39,26,46,10,30,19,40
2,38,22,12,39,7,11,38,45,43,23,18,45,20,22,39,31,44,12,11,1,36,35,35,14,11,23,36,35,14,25,13,8,10,23,17,19,26,32,33,16,32,33,42,42,48,41,11,9,38,6,19,49,20,43,22,34,16,49,1,24,1,41,30,39,41,37,41,44,22,8,4,16,40,21,44,42,9,38,10,45,35,1,39,34,10,35,1,12,38,15,13,38,34,29,39,26,46,10,30,19,40
2,39,22,12,39,7,11,38,45,43,23,18,45,20,22,39,31,44,12,11,1,36,35,35,14,11,23,36,35,14,25,13,8,10,23,17,19,26,32,33,16,32,33,42,42,48,41,11,9,38,4,19,49,20,43,22,34,16,49,1,24,1,41,30,39,41,37,41,44,22,8,4,16,40,21,44,42,9,38,10,45,35,1,39,34,10,35,1,12,38,15,13,38,34,29,39,26,46,10,30,19,40
3,0,10,18,45,42,30,44,12,48,8,20,22,45,15,24,1,8,16,12,34,17,11,41,38,41,39,32,19,31,1,38,38,9,1,1,21,43,44,34,26,42,11,39,16,26,49,37,33,38,10,32,39,22,43,41,10,34,41,40,19,33,44,11,11,10,12,23,34,35,38,23,14,49,40,4,39,16,13,22,32,10,35,45,43,6,12,38,35,9,7,9,39,20,36,22,42,23,25,35,29,19
3,1,10,18,45,42,30,44,12,48,8,20,22,45,15,24,1,8,16,12,34,17,11,41,38,41,39,32,19,31,1,38,38,9,1,1,21,43,44,34,26,42,11,39,16,26,49,37,33,38,10,32,39,22,43,41,10,34,41,40,19,33,44,11,11,10,12,23,34,35,38,23,14,49,40,4,39,16,13,22,32,10,35,45,43,6,12,38,35,9,7,9,39,20,36,22,42,23,25,35,29,19
3,2,10,18,45,42,30,44,12,48,8,20,22,45,15,24,1,8,16,12,34,17,11,41,38,41,39,32,19,31,1,38,38,9,1,1,21,43,44,34,26,42,11,39,16,26,49,37,33,38,10,32,39,22,43,41,10,34,41,40,19,33,44,11,11,10,12,23,34,35,38,23,14,49,40,4,39,16,13,22,32,10,35,45,43,6,12,38,35,9,7,9,39,20,36,22,42,23,25,35,29,19
3,3,10,18,45,42,30,44,12,48,8,20,22,45,15,24,1,8,16,12,34,17,11,41,38,41,39,32,19,31,1,38,38,9,1,1,21,43,44,34,26,42,11,39,16,26,49,37,33,38,10,32,39,22,43,41,10,34,41,40,19,33,44,11,11,10,12,23,34,35,38,23,14,49,40,4,39,16,13,22,32,10,35,45,43,6,12,38,35,9,7,9,39,20,36,22,42,23,25,35,29,19
3,4,10,18,45,42,30,44,12,48,8,20,22,45,15,24,1,8,16,12,34,17,11,41,38,41,39,32,19,31,1,38,38,9,1,1,21,43,44,34,26,42,11,39,16,26,49,37,33,38,10,32,39,22,43,41,10,34,41,40,19,33,44,11,11,10,12,23,34,35,38,23,14,49,40,4,39,16,13,22,32,10,35,45,43,4,12,38,35,9,7,9,39,20,36,22,42,23,25,35,29,19
3,5,10,18,45,42,30,44,12,48,8,20,22,45,15,24,1,8,16,12,34,17,11,41,38,41,39,32,19,31,1,38,38,9,1,1,21,43,44,34,26,42,11,39,16,26,49,37,33,38,10,32,39,22,43,41,10,34,41,40,19,33,44,11,11,10,12,23,34,35,38,23,14,49,40,4,39,16,13,22,32,10,35,45,43,4,12,38,35,9,7,9,39,20,36,22,42,23,25,35,29,19
3,6,10,18,45,42,30,44,12,48,8,20,22,45,15,24,1,8,16,12,34,17,11,41,38,41,39,32,19,31,1,38,38,9,1,1,21,43,44,34,26,42,11,39,16,26,49,37,33,38,10,32,39,22,43,41,10,34,41,40,19,33,44,11,11,10,12,23,34,35,38,23,14,49,40,4,39,16,13,22,32,10,35,45,43,4,12,38,35,9,7,9,39,20,36,22,42,23,25,35,29,19
3,7,10,18,45,42,30,44,12,48,8,20,22,45,15,24,1,8,16,12,34,17,11,41,38,41,39,32,19,31,1,38,38,9,1,1,21,43,44,34,26,42,11,39,16,26,49,37,33,38,10,32,39,22,43,41,10,34,41,40,19,33,44,11,11,10,12,23,34,35,38,23,14,49,40,4,39,16,13,22,32,10,35,45,43,4,12,38,35,9,7,9,39,20,36,22,42,23,25,35,29,19
3,8,10,18,45,42,30,44,12,48,8,20,22,45,15,24,1,8,16,12,34,17,11,41,38,41,39,32,19,31,1,38,38,9,1,1,21,43,44,34,26,42,11,39,16,26,49,37,33,38,10,32,39,22,43,41,10,34,41,40,19,33,44,11,11,10,12,23,34,35,38,23,14,49,40,4,39,16,13,22,32,10,35,45,43,4,12,38,35,9,7,9,39,20,36,22,42,23,25,35,29,19
3,9,10,18,45,42,30,44,12,48,8,20,22,45,15,24,1,8,16,12,34,17,11,41,38,41,39,32,19,31,1,38,38,9,1,1,21,43,44,34,26,42,11,39,16,26,49,37,33,38,10,32,39,22,43,41,10,34,41,40,19,33,44,11,11,10,12,23,34,35,38,23,14,49,40,4,39,16,13,22,32,10,35,45,43,4,12,38,35,9,7,9,39,20,36,22,42,23,25,35,29,19
3,10,10,18,45,42,30,44,12,48,8,20,22,45,15,24,1,2,16,12,34,17,11,41,38,41,39,32,19,31,1,38,38,9,1,1,21,43,44,34,26,42,11,39,16,26,49,37,33,38,10,32,39,22,43,41,10,34,41,40,19,33,44,11,11,10,12,23,34,35,38,23,14,49,40,4,39,16,13,22,32,10,35,45,43,4,12,38,35,9,7,9,39,20,36,22,42,23,25,35,29,19
3,11,10,18,45,42,30,44,12,48,8,20,22,45,15,24,1,2,16,12,34,17,11,41,38,41,39,32,19,31,1,38,38,9,1,1,21,43,44,34,26,42,11,39,16,26,49,37,33,38,10,32,39,22,43,41,10,34,41,40,19,33,44,11,11,10,12,23,34,35,38,23,14,49,40,4,39,16,13,22,32,10,35,45,43,4,12,38,35,9,7,9,39,20,36,22,42,23,25,35,29,19
3,12,10,18,45,42,30,44,12,48,8,20,22,45,15,24,1,2,16,12,34,17,11,41,38,41,39,32,19,31,1,38,38,9,1,1,21,43,44,34,26,42,11,39,16,26,49,37,33,38,10,32,39,22,43,41,10,34,41,40,19,33,44,11,11,10,12,23,34,35,38,23,14,49,40,4,39,16,13,22,32,10,35,45,43,4,12,38,35,9,7,9,39,20,36,22,42,23,25,35,29,19
3,13,10,18,45,42,30,44,12,48,8,20,22,45,15,24,1,2,16,12,34,17,11,41,38,41,39,32,19,31,1,38,38,9,1,1,21,43,44,34,26,42,11,39,16,26,49,37,33,38,10,32,39,22,43,41,10,34,41,40,19,33,44,11,11,10,12,23,34,35,38,23,14,49,40,4,39,16,13,22,32,10,35,45,43,4,12,38,35,9,7,9,39,20,36,22,42,23,25,35,29,19
3,14,10,18,45,42,30,44,12,48,8,20,22,45,15,24,1,2,16,12,34,17,11,41,38,41,39,32,19,31,1,38,38,4,1,1,21,43,44,34,26,42,11,39,16,26,49,37,33,38,10,32,39,22,43,41,10,34,41,40,19,33,44,11,11,10,12,23,34,35,38,23,14,45,40,4,39,16,13,22,32,10,35,45,43,6,12,38,35,9,7,9,39,20,36,22,42,23,25,35,29,19
3,15,10,18,45,42,30,44,12,48,8,20,22,45,15,24,1,2,16,12,34,17,11,41,38,41,39,32,19,31,1,38,38,4,1,1,21,43,44,39,26,42,11,39,16,26,49,37,33,38,10,32,39,22,43,41,10,34,41,40,19,33,44,11,11,10,12,23,34,35,38,23,14,45,40,4,39,16,13,22,32,10,35,45,43,6,12,38,35,1,7,9,39,20,36,22,42,23,25,35,29,19
3,16,10,18,45,42,30,44,12,48,8,20,22,45,15,24,1,8,16,12,34,17,11,41,38,41,39,32,19,31,1,38,38,4,1,1,21,43,44,39,26,42,11,39,16,26,49,37,33,38,10,32,39,22,43,41,10,34,41,40,19,33,44,11,11,10,12,23,34,35,38,23,14,45,40,4,39,16,13,22,32,10,35,45,43,6,12,38,35,1,7,9,39,20,36,22,42,23,25,35,29,19
3,17,10,18,45,42,30,44,12,48,8,20,22,45,15,24,1,8,16,12,34,17,11,41,38,41,39,32,19,31,1,38,38,4,1,1,21,43,44,39,26,42,11,39,16,26,49,37,33,38,10,32,39,22,43,41,16,34,41,40,19,33,44,11,11,10,12,23,34,35,38,23,14,48,40,4,39,16,13,22,32,10,35,45,43,6,12,38,35,1,7,9,39,20,36,22,42,23,25,35,29,19
3,18,10,18,45,42,30,44,12,48,8,20,22,45,15,24,1,8,16,12,34,17,11,41,38,41,39,32,19,31,1,38,38,4,1,1,21,43,44,39,26,42,11,39,16,26,49,30,33,38,10,32,39,22,43,41,16,34,41,40,19,33,44,11,11,10,12,23,34,35,38,23,14,49,40,4,39,16,13,22,32,10,35,45,43,6,12,38,35,9,7,9,39,20,36,22,42,23,25,35,29,19
3,19,10,18,45,42,30,44,12,48,8,20,22,45,15,24,1,8,16,12,34,17,11,41,38,41,39,32,19,31,1,38,38,4,1,1,21,43,44,39,26,42,11,39,16,26,49,30,33,38,10,32,39,22,43,41,16,34,41,40,19,33,44,11,11,10,12,23,34,35,38,23,14,49,40,4,39,16,13,22,32,10,35,45,43,6,12,38,35,9,7,9,39,20,36,22,42,23,25,35,29,19
3,20,10,18,45,42,30,44,12,48,8,20,22,45,15,24,1,8,16,12,34,17,11,41,38,41,39,32,19,31,1,38,38,4,1,1,21,43,44,39,26,42,11,39,16,26,49,30,33,38,10,32,39,22,43,41,16,34,41,40,19,33,44,11,11,10,12,23,34,35,38,23,14,49,40,4,39,16,13,22,32,10,35,45,43,6,12,38,35,9,7,9,39,20,36,22,42,23,25,35,29,19
3,21,10,18,45,42,30,44,12,48,8,20,22,45,15,24,1,8,16,12,34,17,11,41,38,41,39,32,19,31,1,38,38,4,1,1,21,43,44,39,26,42,11,39,16,26,49,30,33,38,10,32,39,22,43,41,16,34,41,40,19,33,44,11,11,10,12,23,34,35,38,23,14,49,40,4,39,16,13,22,32,10,35,45,43,6,12,38,35,9,7,9,39,20,36,22,42,23,25,35,29,19
3,22,10,18,45,42,30,44,12,48,8,20,22,45,15,24,1,8,16,12,34,17,11,41,38,41,39,32,19,31,1,38,38,4,1,1,21,43,44,39,26,42,11,39,16,26,49,37,33,38,10,32,39,22,43,41,16,34,41,40,19,33,44,11,11,10,12,23,34,35,38,23,14,49,40,4,39,16,13,22,32,10,35,45,43,6,12,38,35,9,7,9,39,20,36,22,42,23,25,35,29,19
3,23,10,18,45,42,30,44,12,48,8,20,22,45,15,24,1,8,16,12,34,17,11,41,38,41,39,32,19,31,1,38,38,4,1,1,21,43,44,39,26,42,11,39,16,26,49,37,33,38,10,32,39,22,43,41,16,34,41,40,19,33,44,11,11,10,12,23,34,35,38,23,14,49,40,4,39,16,13,22,32,10,35,45,43,6,12,38,35,9,7,9,39,20,36,22,42,23,25,35,29,19
3,24,10,18,45,42,30,44,12,48,8,20,22,45,15,24,1,8,16,12,34,17,11,41,38,41,39,32,19,31,1,38,38,4,1,1,21,43,44,39,26,42,11,39,16,26,49,37,33,38,10,32,39,22,43,41,16,34,41,40,19,33,44,11,11,10,12,23,34,35,38,23,14,49,40,4,39,16,13,22,32,10,35,45,43,6,12,38,35,9,7,9,39,20,36,22,42,23,25,35,29,19
3,25,10,18,45,42,30,44,12,48,8,20,22,45,15,24,1,8,16,12,34,17,11,41,38,41,39,32,19,31,1,38,38,4,1,1,21,43,44,39,26,42,11,39,16,26,49,37,33,38,10,32,39,22,43,41,16,34,41,40,19,33,44,11,11,10,12,23,34,35,38,23,14,49,40,4,39,16,13,22,32,10,35,45,43,6,12,38,35,9,7,9,39,20,36,22,42,23,25,35,29,19
3,26,10,18,45,42,30,44,12,48,8,20,22,45,15,24,1,8,16,12,34,17,11,41,38,41,39,32,19,31,1,38,38,4,1,1,21,43,44,39,26,42,11,39,16,26,49,37,33,38,10,32,39,22,43,41,16,34,41,40,19,33,44,11,11,10,12,23,34,35,38,23,14,49,40,4,39,16,13,22,32,10,35,45,43,6,12,38,35,9,7,9,39,20,36,22,42,23,25,35,29,19
3,27,10,18,45,42,30,44,12,48,8,20,22,45,15,24,1,8,16,12,34,17,11,41,38,41,39,32,19,31,1,38,38,4,1,1,21,43,44,39,26,42,11,39,16,26,49,37,33,38,10,32,39,22,43,41,16,34,41,40,19,33,44,11,11,10,12,23,34,35,38,23,14,49,40,4,39,16,13,22,32,10,35,45,43,6,12,38,35,9,7,9,39,20,36,22,42,23,25,35,29,19
3,28,10,18,45,42,30,44,12,48,8,20,22,45,15,24,1,8,16,12,34,17,11,41,38,41,39,32,19,31,1,38,38,4,1,1,21,43,44,39,26,42,11,39,16,26,49,37,33,38,10,32,39,21,43,41,16,34,41,40,19,33,44,11,11,10,12,23,34,35,38,23,14,49,40,4,39,16,13,22,32,10,35,45,43,6,12,38,35,9,7,9,39,20,36,22,42,23,25,35,29,19
3,29,10,18,45,42,30,44,12,48,8,20,22,45,15,24,1,8,16,12,34,17,11,41,38,41,39,32,19,31,1,38,38,4,1,1,21,43,44,39,26,42,11,39,16,26,49,37,33,38,10,32,39,21,43,41,16,34,41,40,19,33,44,11,11,10,12,23,34,35,38,23,14,49,40,4,39,16,13,22,32,10,35,45,43,6,12,38,35,9,7,9,39,20,36,22,42,23,25,35,29,19
3,30,10,18,45,42,30,44,12,48,8,20,22,45,15,24,1,8,16,12,34,17,11,41,38,41,39,32,19,31,1,38,38,4,1,1,21,43,44,39,26,42,11,39,16,26,49,37,33,38,10,32,39,21,43,41,16,34,41,40,19,33,44,11,11,10,12,23,34,35,38,23,14,49,40,4,39,16,13,22,32,10,35,45,43,6,12,38,35,9,7,9,39,20,36,22,42,23,25,35,29,19
3,31,10,18,45,42,30,44,12,48,8,20,22,45,15,24,1,8,16,12,34,17,11,41,38,41,39,32,19,31,1,38,38,4,1,1,21,43,44,39,26,42,11,39,16,26,49,37,33,38,10,32,39,21,43,41,16,34,41,40,19,33,44,11,11,10,12,23,34,35,38,23,14,49,40,4,39,16,13,22,32,10,35,45,43,6,12,38,35,9,7,9,39,20,36,22,42,23,25,35,29,19
3,32,10,18,45,42,30,44,12,48,8,20,22,45,15,24,1,8,16,12,34,17,11,41,38,41,39,32,19,31,1,38,38,4,1,1,21,43,44,39,26,42,11,39,16,26,49,37,33,38,10,32,39,21,43,41,16,34,41,40,19,33,44,11,11,10,12,23,34,35,38,23,14,49,40,4,39,16,13,22,32,10,35,45,43,6,12,38,35,9,7,9,39,20,36,22,42,23,25,35,29,19
3,33,10,18,45,42,30,44,12,48,8,20,22,45,15,24,1,8,16,12,34,17,11,41,38,41,39,32,19,31,1,38,38,4,1,1,21,43,44,39,26,42,11,39,16,26,49,37,33,38,10,32,39,21,43,41,16,34,41,40,19,33,44,11,11,10,12,23,34,35,38,23,14,49,40,4,39,16,13,22,32,10,35,45,43,6,12,38,35,9,7,9,39,20,36,22,42,23,25,35,29,19
3,34,10,18,45,42,30,44,12,48,8,20,22,45,15,24,1,8,16,12,34,17,11,41,38,41,39,32,19,31,1,38,38,4,1,1,21,43,44,39,26,42,11,39,16,26,49,30,33,38,10,32,39,21,43,41,16,34,41,40,19,33,44,11,11,10,12,23,34,35,38,23,14,49,40,4,34,16,13,22,32,10,35,45,43,6,12,38,35,1,7,9,39,20,36,22,42,23,25,35,29,19
3,35,10,18,45,42,30,44,12,48,8,20,22,45,15,24,1,8,16,12,34,17,11,41,38,41,39,32,19,31,1,38,38,4,1,1,21,43,44,39,26,42,11,39,16,26,49,30,33,38,10,32,39,21,43,41,16,34,41,40,19,33,44,11,11,10,12,23,34,35,38,23,14,49,40,4,34,16,13,22,32,10,35,45,43,6,12,38,35,1,7,9,39,20,36,22,42,23,25,35,29,19
3,36,10,18,45,42,30,44,12,48,8,20,22,45,15,24,1,8,16,12,34,17,11,41,38,41,39,32,19,31,1,38,38,4,1,1,21,43,44,39,26,42,11,39,16,26,49,30,33,38,10,32,39,21,43,41,16,34,41,40,19,33,44,11,11,10,12,23,34,35,38,23,14,49,40,4,34,16,13,22,32,10,35,45,43,6,12,38,35,1,7,9,39,20,36,22,42,23,25,35,29,19
3,37,10,18,45,42,30,44,12,48,8,20,22,45,15,24,1,8,16,12,34,17,11,41,38,41,39,32,19,31,1,38,38,4,1,1,21,43,44,39,26,42,11,39,16,26,49,30,33,38,10,32,39,21,43,41,16,34,41,40,19,33,44,11,11,10,12,23,34,35,38,23,14,49,40,4,34,16,13,22,32,10,35,45,46,4,12,38,35,1,7,9,39,20,36,22,42,23,25,35,29,19
3,38,10,18,45,42,30,44,12,48,8,20,22,45,15,24,1,8,16,12,34,17,11,41,38,41,39,32,19,31,1,38,38,4,1,1,21,43,44,39,26,42,11,39,16,26,49,30,33,38,10,32,39,21,43,41,16,34,41,40,19,33,44,11,11,10,12,23,34,35,38,23,14,49,40,4,30,16,13,22,32,10,35,45,46,4,12,38,35,9,7,9,39,20,36,22,42,23,25,35,29,19
3,39,10,18,45,42,30,44,12,48,8,20,22,45,15,24,1,8,16,12,34,17,11,41,38,41,39,37,17,31,1,38,38,4,1,1,21,43,44,39,26,42,11,39,16,26,49,30,33,38,10,32,39,21,43,41,16,34,41,40,19,33,44,11,11,10,12,23,34,35,38,23,14,40,40,4,30,16,13,22,32,10,35,45,43,4,12,38,35,9,7,9,39,20,36,22,42,23,25,35,29,19
4,0,35,31,4,15,12,19,43,11,44,18,1,19,32,11,22,40,4,45,36,38,8,34,44,11,41,22,20,30,20,38,1,22,23,14,38,23,32,17,35,12,17,2,34,29,46,10,16,38,44,13,34,30,24,45,9,41,23,48,39,10,22,16,7,48,38,39,33,39,45,43,34,12,10,22,42,35,49,13,33,12,40,42,12,32,9,41,41,35,39,1,2,1,38,36,25,42,10,26,21,11
4,1,35,31,4,15,12,19,43,11,44,18,1,19,32,11,22,40,4,45,36,38,8,34,44,11,41,22,20,30,20,38,1,22,23,14,38,23,32,17,35,12,17,2,34,29,46,10,16,38,44,13,34,30,24,45,9,41,23,48,39,10,22,16,7,48,38,39,33,39,45,43,34,12,10,22,42,35,49,13,33,12,40,42,12,32,9,41,41,35,39,1,2,1,38,36,25,42,10,26,21,11
4,2,35,31,4,15,12,19,43,11,44,18,1,19,32,11,22,40,4,45,36,38,8,34,44,11,41,22,20,30,20,38,1,22,23,14,38,23,32,17,35,12,17,2,34,29,46,10,16,38,44,13,34,30,24,45,9,41,23,48,39,10,22,16,7,48,38,39,33,39,45,43,34,12,10,22,42,35,49,13,33,12,40,42,12,32,9,41,41,35,39,1,2,1,38,36,25,42,10,26,21,11
4,3,35,31,4,15,12,19,43,11,44,18,1,19,32,11,22,40,4,45,36,38,8,34,44,11,41,22,20,30,20,38,1,22,23,14,38,23,32,17,35,12,17,2,34,29,46,10,16,38,44,13,34,30,24,45,9,41,23,48,39,10,22,16,7,48,38,39,33,39,45,43,34,12,10,22,42,35,49,13,33,12,40,42,12,32,9,41,41,35,39,1,2,1,38,36,25,42,10,26,21,13
4,4,35,31,4,15,12,19,43,11,44,18,1,19,32,11,22,40,4,45,36,38,8,34,44,11,41,22,20,30,20,38,1,22,23,14,38,23,32,17,35,12,17,2,34,29,46,10,16,38,44,13,34,30,24,45,9,41,23,48,39,10,22,16,7,48,38,39,33,39,45,43,34,12,10,22,42,35,49,13,33,12,40,42,12,32,9,41,41,35,39,1,2,1,38,36,25,42,10,26,21,11
4,5,35,31,4,15,12,19,43,11,44,18,1,19,32,11,22,40,4,45,36,38,8,34,44,11,41,22,20,30,20,38,1,22,23,14,38,23,32,17,35,12,17,2,34,29,46,10,16,38,44,13,34,30,24,45,9,41,23,48,39,10,22,16,7,48,38,39,33,39,45,43,34,12,10,22,42,35,49,13,33,12,40,42,12,32,9,41,41,35,39,1,2,1,38,36,25,42,10,26,21,11
4,6,35,31,4,15,12,19,43,11,44,18,1,19,32,11,22,40,4,45,36,38,8,34,44,11,41,22,20,30,20,38,1,22,23,14,38,23,32,17,35,12,17,2,34,29,46,10,16,38,44,13,34,30,24,45,9,41,23,48,39,10,22,16,7,48,38,39,33,39,45,43,34,12,10,22,42,35,49,13,33,12,40,42,12,32,9,41,41,35,39,1,2,1,38,34,25,42,10,26,21,11
4,7,35,31,4,15,12,19,43,11,44,18,1,19,32,11,22,40,4,45,36,38,8,34,44,11,41,22,20,30,20,38,1,22,23,14,38,23,32,17,35,12,17,2,34,29,46,10,16,38,44,13,34,30,24,45,9,41,23,48,39,10,22,16,7,48,38,39,33,39,45,43,34,12,10,22,42,35,49,13,33,12,40,42,12,32,9,41,41,35,39,1,2,1,38,34,25,42,10,26,21,13
4,8,35,31,4,15,12,19,43,11,44,18,1,19,32,11,22,40,4,45,36,38,8,34,44,11,41,22,20,30,20,38,1,22,23,14,38,23,32,17,35,12,17,2,34,29,46,10,16,38,44,13,34,30,24,45,9,41,23,48,39,10,22,16,7,48,38,39,33,39,45,43,39,12,10,22,42,35,49,13,33,12,40,42,12,32,9,41,41,35,39,1,2,1,38,34,25,42,10,26,21,13
4,9,35,31,4,15,12,19,43,11,44,18,1,19,32,11,22,40,4,45,36,38,8,34,44,11,41,22,20,30,20,38,1,22,23,14,38,23,32,17,35,12,17,2,34,29,46,10,16,38,44,13,34,30,24,45,9,41,23,48,39,10,22,16,7,48,38,39,33,39,45,43,30,12,10,22,42,35,49,13,33,12,40,42,12,32,9,41,41,35,39,1,2,1,38,39,25,42,10,26,21,13
4,10,35,31,4,15,12,19,43,11,44,18,1,19,32,11,22,40,4,45,36,38,8,34,44,11,41,22,20,30,20,38,1,22,23,14,38,23,32,17,35,12,17,2,34,29,46,10,16,38,44,13,34,30,24,45,9,41,23,48,39,10,22,16,7,48,38,39,33,39,45,43,30,12,10,22,42,35,49,13,33,12,40,42,12,32,9,41,41,35,39,1,2,1,38,36,25,42,10,26,21,13
4,11,35,31,4,15,12,19,43,11,44,18,1,19,32,11,22,40,4,45,36,38,8,34,44,11,41,22,20,30,20,38,1,22,23,14,38,23,32,17,35,12,17,2,34,29,46,10,16,38,44,13,34,30,24,45,9,41,23,48,39,10,22,16,7,48,38,39,33,39,45,43,30,12,10,22,42,35,49,13,33,12,40,42,12,32,9,41,41,35,39,1,2,1,38,36,25,42,10,26,21,11
4,12,35,31,4,15,12,19,43,11,44,18,1,19,32,11,22,40,4,45,36,38,8,34,44,11,41,22,20,30,20,38,1,22,23,14,38,23,32,17,35,12,17,2,34,29,46,10,16,38,44,13,34,30,24,45,9,41,23,48,39,10,22,16,7,48,38,39,33,39,45,43,30,12,10,22,42,35,49,13,33,12,40,42,12,37,9,41,41,35,39,1,2,1,38,36,25,42,10,26,21,11
4,13,35,31,4,15,12,19,43,11,44,18,1,19,32,11,22,40,4,45,36,38,8,34,44,11,41,22,20,30,20,38,1,22,23,14,38,23,32,17,35,12,17,2,34,29,46,10,16,38,44,13,34,30,24,45,9,41,23,48,39,10,22,16,7,48,38,39,33,39,45,43,30,12,10,22,42,35,49,13,33,12,40,42,12,37,9,41,41,35,39,1,2,1,38,36,25,42,10,26,21,11
4,14,35,31,4,15,12,19,43,11,44,18,1,19,32,11,22,40,4,45,36,38,8,34,44,11,41,22,20,30,20,38,1,22,23,14,38,23,32,17,35,12,17,2,34,29,46,10,16,38,44,13,34,30,24,45,9,41,23,48,39,10,22,16,7,48,38,39,33,39,45,43,30,12,10,22,42,35,49,13,33,12,40,42,12,37,9,41,41,35,39,1,8,1,38,36,25,42,10,26,21,11
4,15,35,31,4,15,12,19,43,11,44,18,1,19,32,11,22,40,4,45,36,38,8,34,44,11,41,22,20,30,20,38,1,22,23,14,38,23,32,17,35,12,17,2,34,29,46,10,16,38,44,13,34,30,24,45,9,41,23,48,39,10,22,16,7,48,38,39,33,39,45,43,30,12,10,22,42,35,49,13,33,16,40,42,12,37,9,41,41,35,39,1,8,1,38,36,25,42,10,26,21,11
4,16,35,31,4,15,12,19,43,11,44,18,1,19,32,11,22,40,4,45,36,38,8,34,44,11,41,22,20,30,20,38,1,22,23,14,38,23,32,17,35,12,17,2,34,29,46,10,16,38,44,13,34,30,24,45,9,41,23,48,39,10,22,16,7,48,38,39,33,39,45,43,30,12,10,22,42,35,49,13,33,16,40,42,12,37,9,41,41,35,39,1,8,1,38,36,25,42,10,26,21,13
4,17,35,31,4,15,12,19,43,11,44,18,1,19,32,11,22,40,4,45,36,38,8,34,44,11,41,22,20,30,20,38,1,22,23,14,38,23,32,17,35,12,17,2,34,29,46,10,16,38,44,13,34,30,24,45,9,41,23,48,39,10,22,16,7,48,38,39,33,39,45,43,30,12,10,22,42,35,49,13,33,16,40,42,12,37,9,41,41,35,39,1,8,1,38,36,25,42,10,26,21,13
4,18,35,31,4,15,12,19,43,11,44,18,1,19,32,11,22,40,4,45,36,38,8,34,44,11,41,22,20,30,20,38,1,22,23,14,38,23,32,17,35,12,17,2,34,29,46,10,16,38,44,13,34,30,24,45,9,41,23,48,39,10,22,16,7,48,38,39,33,39,45,43,30,12,10,22,42,35,49,13,33,16,40,42,12,37,9,41,41,35,39,1,8,1,38,36,25,42,10,26,21,11
4,19,35,31,4,15,12,19,43,11,44,18,1,19,32,11,22,40,4,45,36,38,8,34,44,11,41,22,20,30,20,38,1,22,23,14,38,23,32,17,35,12,17,2,34,29,46,10,16,38,44,13,34,30,24,45,4,41,23,48,39,10,22,16,7,48,38,39,33,39,45,43,30,12,10,22,42,35,49,16,33,16,40,42,12,37,9,41,41,35,39,1,2,1,38,36,25,42,10,26,21,13
4,20,35,31,4,15,12,19,43,11,44,18,1,19,32,11,22,40,4,45,36,38,8,34,44,11,41,22,20,30,20,38,1,22,23,14,38,23,32,17,35,12,17,2,34,29,46,10,16,38,44,13,34,30,24,45,4,41,23,48,39,10,22,16,7,48,38,39,33,39,45,43,30,12,10,22,42,35,49,16,33,16,40,42,12,37,9,41,41,35,39,1,2,1,38,36,25,42,10,26,21,13
4,21,35,31,4,15,12,19,43,11,44,18,1,19,32,11,22,40,4,45,36,38,8,34,44,11,41,22,20,30,20,38,1,22,23,14,38,23,32,17,35,12,17,2,34,29,46,10,16,38,44,13,34,30,24,45,4,41,23,48,39,10,22,16,7,48,38,39,33,39,45,43,30,12,10,22,42,35,49,16,33,16,40,42,12,37,9,41,41,35,39,1,2,1,38,36,25,42,10,26,21,13
4,22,35,31,4,15,12,19,43,11,44,18,1,19,32,11,22,40,4,45,36,38,8,34,44,11,41,22,20,30,20,38,1,22,23,14,38,23,32,17,35,12,17,2,34,29,46,10,16,38,44,13,34,30,24,45,4,41,23,48,39,10,22,16,7,48,38,39,33,39,45,43,30,12,10,22,42,35,49,16,33,16,40,42,12,37,9,41,41,35,39,1,2,1,38,36,25,42,10,26,21,13
4,23,35,31,4,15,12,19,43,11,44,18,1,19,32,11,22,40,4,45,36,38,8,34,44,11,41,22,20,30,20,38,1,22,23,14,38,23,32,17,35,12,17,2,34,29,46,10,16,38,44,13,34,30,24,45,4,41,23,48,39,10,22,16,7,48,38,39,33,39,45,43,30,12,10,22,42,35,49,16,33,16,40,42,12,37,9,41,41,35,39,1,2,1,38,34,25,42,10,26,21,11
4,24,35,31,4,15,12,19,43,11,44,18,1,19,32,11,22,40,4,45,36,38,8,34,44,11,41,22,20,30,20,38,1,22,23,14,38,23,32,17,35,12,17,2,34,29,46,10,16,38,44,13,34,30,24,45,4,41,23,48,39,10,22,16,7,48,38,39,33,39,45,43,30,12,10,22,42,35,49,16,33,16,40,42,12,37,9,41,41,35,39,1,2,1,38,39,25,42,10,26,21,13
4,25,35,31,4,15,12,19,43,11,44,18,1,19,32,11,22,40,4,45,36,38,8,34,44,11,41,22,20,30,20,38,1,22,23,14,38,23,32,17,35,12,17,2,34,29,46,10,16,38,44,13,34,30,24,45,4,41,23,48,39,10,22,16,7,48,38,39,33,39,45,43,30,12,10,22,42,35,49,16,33,16,40,42,12,37,9,41,41,35,39,1,2,1,38,39,25,42,10,26,21,11
4,26,35,31,4,15,12,19,43,11,44,18,1,19,32,11,22,40,4,45,36,38,8,34,44,11,41,22,20,30,20,38,1,22,23,14,38,23,32,17,35,12,17,2,34,29,46,10,16,38,44,13,34,30,24,45,4,41,23,48,39,10,22,16,7,48,38,39,33,39,45,43,30,12,10,22,42,35,49,16,33,16,40,42,12,32,9,41,41,35,39,1,2,1,38,39,25,42,10,26,21,13
4,27,35,31,4,15,12,19,43,11,44,18,1,19,32,11,22,40,4,45,36,38,8,34,44,11,41,22,20,30,20,38,1,22,23,14,38,23,32,17,35,12,17,2,34,29,46,10,16,38,44,13,34,30,24,45,4,41,23,48,39,10,22,16,7,48,38,39,33,39,45,43,34,12,10,22,42,35,49,16,33,16,40,42,12,32,9,41,41,35,39,1,2,1,38,34,25,42,10,26,21,11
4,28,35,31,4,15,12,19,43,11,44,18,1,19,32,11,22,40,4,45,36,38,8,34,44,11,41,22,20,30,20,38,1,22,23,14,38,23,32,17,35,12,17,2,34,29,46,10,16,38,44,13,34,30,24,45,4,41,23,48,39,10,24,16,7,45,38,39,33,39,45,43,34,12,10,22,42,35,49,16,33,16,40,42,12,32,9,41,41,35,39,1,8,1,38,39,25,42,10,26,21,13
4,29,35,31,4,15,12,19,43,11,44,18,1,19,32,11,22,40,4,45,36,38,8,34,44,11,41,22,20,30,20,38,1,22,23,14,38,23,32,17,35,12,17,2,34,29,46,10,16,38,44,13,34,30,24,45,4,41,23,48,39,10,24,16,7,45,38,39,33,39,45,43,34,12,10,22,42,35,49,16,33,16,40,42,12,32,9,41,41,35,39,1,8,1,38,39,25,42,10,26,21,13
4,30,35,31,4,15,12,19,43,11,44,18,1,19,32,11,22,40,4,45,36,38,8,34,44,11,41,22,20,30,20,38,1,22,23,14,38,23,32,17,35,12,17,2,34,29,46,10,16,38,44,13,34,30,24,45,4,41,23,48,39,10,24,16,7,45,38,39,33,39,45,43,34,12,10,22,42,35,49,16,33,16,40,42,12,32,9,41,41,35,39,1,8,1,38,39,25,42,10,26,21,11
4,31,35,31,4,15,12,19,43,11,44,18,1,19,32,11,22,40,4,45,36,38,8,34,44,11,41,22,20,30,20,38,1,22,23,14,38,23,32,17,35,12,17,2,34,29,46,10,16,38,44,13,34,30,24,45,4,41,23,48,39,10,24,16,7,45,38,39,33,39,45,43,34,12,10,22,42,35,49,16,33,16,40,42,12,32,9,41,41,35,39,1,2,1,38,39,25,42,10,26,21,13
4,32,35,31,4,15,12,19,43,11,44,18,1,19,32,11,22,40,4,45,36,38,8,34,44,11,41,22,20,30,20,38,1,22,23,14,38,23,32,17,35,12,17,2,34,29,46,10,16,38,44,13,34,30,24,45,4,41,23,48,39,10,24,16,7,45,38,39,33,39,45,43,39,12,10,22,42,35,49,16,33,16,40,42,12,32,9,41,41,35,39,1,2,1,38,39,25,42,10,26,21,11
4,33,35,31,4,15,12,19,43,11,44,18,1,19,32,11,22,40,4,45,36,38,8,34,44,11,41,22,20,30,20,38,1,22,23,14,38,23,32,17,35,12,17,2,34,29,46,10,16,38,44,13,34,30,24,45,4,41,23,48,39,10,24,16,7,45,38,39,33,39,45,43,39,12,10,22,42,35,49,16,33,16,40,42,12,32,9,41,41,35,39,1,2,1,38,39,25,42,10,26,21,13
4,34,35,31,4,15,12,19,43,11,44,18,1,19,32,11,22,40,4,45,36,38,8,34,44,11,41,22,20,30,20,38,1,22,23,14,38,23,32,17,35,12,17,2,34,29,46,10,16,38,44,13,34,30,24,45,4,41,23,48,39,10,24,16,7,45,38,39,33,39,45,43,39,12,10,22,42,35,49,16,33,16,40,42,12,32,9,41,41,35,39,1,2,1,38,34,25,42,10,26,21,11
4,35,35,31,4,15,12,19,43,11,44,18,1,19,32,11,22,40,4,45,36,38,8,34,44,11,41,22,20,30,20,38,1,22,23,14,38,23,32,17,35,12,17,2,34,29,46,10,16,38,44,13,34,30,24,45,4,41,23,48,39,10,24,16,7,45,38,39,33,39,45,43,39,12,10,22,42,35,49,16,33,16,40,42,12,32,9,41,41,35,39,1,2,1,38,34,25,42,10,26,21,13
4,36,35,31,4,15,12,19,43,11,44,18,1,19,32,11,22,40,4,45,36,38,8,34,44,11,41,22,20,30,20,38,1,22,23,14,38,23,32,17,35,12,17,2,34,29,46,10,16,38,44,13,34,30,24,45,4,41,23,48,39,10,24,16,7,45,38,39,33,39,45,43,39,12,10,22,42,35,49,16,33,16,40,42,12,32,9,41,41,35,39,1,2,1,38,34,25,42,10,26,21,11
4,37,35,31,4,15,12,19,43,11,44,18,1,19,32,11,22,40,4,45,36,38,8,34,44,11,41,22,20,30,20,38,1,22,23,14,38,23,32,17,35,12,17,2,34,29,46,10,16,38,44,13,34,30,24,45,4,41,23,48,39,10,24,16,7,45,38,39,33,39,45,43,39,12,10,22,42,35,49,16,33,16,40,42,12,32,9,41,41,35,39,1,2,1,38,34,25,42,10,26,21,11
4,38,35,31,4,15,12,19,43,11,44,18,1,19,32,11,22,40,4,45,36,38,8,34,44,11,41,22,20,30,20,38,1,22,23,14,38,23,32,17,35,12,17,2,34,29,46,10,16,38,44,13,34,30,24,45,4,41,23,48,39,10,24,16,7,45,38,39,33,39,45,43,39,12,10,22,42,35,49,16,33,16,40,42,12,32,9,41,41,35,39,1,2,1,38,36,25,42,10,26,21,13
4,39,35,31,4,15,12,19,43,11,44,18,1,19,32,11,22,40,4,45,36,38,8,34,44,11,41,22,20,30,20,38,1,22,23,14,38,23,32,17,35,12,17,2,34,29,46,10,16,38,44,13,34,30,24,45,4,41,23,48,39,10,24,16,7,45,38,39,33,39,45,43,39,12,10,22,42,35,49,16,33,16,40,42,12,32,9,41,41,35,39,1,2,1,38,36,25,42,10,26,21,13
